District,Season,Rainfall,Temperature,LandType,Irrigation,SoilType,Recommended_Crop
Kannur,Rabi,Medium,Hot,Coastal,No,Clay,Coconut
Palakkad,Summer,High,Cool,Upland,Yes,Clay,Tapioca
Alappuzha,Summer,High,Cool,Upland,Yes,Clay,Tapioca
Pathanamthitta,Kharif,High,Cool,Hill,No,Sandy,Cardamom
Thiruvananthapuram,Rabi,Medium,Cool,Coastal,Yes,Clay,Coconut
Thiruvananthapuram,Rabi,Medium,Hot,Lowland,No,Clay,Banana
Idukki,Kharif,High,Cool,Upland,No,Loam,Tapioca
Malappuram,Summer,High,Moderate,Coastal,Yes,Clay,Coconut
Kottayam,Rabi,High,Hot,Coastal,No,Laterite,Cashew
Alappuzha,Rabi,Low,Cool,Lowland,No,Clay,Banana
Idukki,Rabi,Medium,Hot,Upland,No,Laterite,Banana
Wayanad,Rabi,High,Hot,Lowland,No,Clay,Banana
Kottayam,Kharif,High,Hot,Coastal,No,Sandy,Arecanut
Kottayam,Kharif,High,Hot,Lowland,No,Laterite,Banana
Thiruvananthapuram,Kharif,Medium,Moderate,Lowland,No,Loam,Banana
Ernakulam,Rabi,Medium,Moderate,Coastal,Yes,Clay,Coconut
Pathanamthitta,Kharif,Low,Hot,Coastal,No,Clay,Coconut
Malappuram,Rabi,High,Hot,Coastal,Yes,Sandy,Arecanut
Idukki,Rabi,High,Moderate,Hill,No,Clay,Pepper
Kozhikode,Summer,Medium,Hot,Coastal,Yes,Loam,Coconut
Palakkad,Summer,Medium,Moderate,Upland,No,Loam,Banana
Wayanad,Summer,High,Moderate,Lowland,No,Sandy,Banana
Thrissur,Kharif,Low,Moderate,Coastal,Yes,Loam,Coconut
Kasaragod,Kharif,Medium,Cool,Lowland,No,Loam,Banana
Thiruvananthapuram,Summer,Low,Moderate,Lowland,No,Loam,Banana
Thrissur,Summer,Low,Cool,Coastal,No,Loam,Coconut
Kollam,Summer,Low,Hot,Lowland,No,Loam,Banana
Kottayam,Kharif,High,Moderate,Upland,No,Sandy,Tapioca
Wayanad,Kharif,Medium,Moderate,Upland,No,Loam,Rubber
Palakkad,Rabi,Medium,Cool,Coastal,No,Loam,Coconut
Kasaragod,Rabi,High,Moderate,Hill,Yes,Sandy,Pepper
Wayanad,Summer,Medium,Cool,Lowland,No,Loam,Banana
Malappuram,Summer,Medium,Hot,Lowland,No,Laterite,Banana
Palakkad,Summer,Medium,Moderate,Hill,No,Clay,Pepper
Palakkad,Rabi,High,Cool,Coastal,Yes,Sandy,Cashew
Palakkad,Kharif,High,Cool,Upland,Yes,Loam,Tapioca
Palakkad,Kharif,High,Cool,Upland,Yes,Loam,Tapioca
Kozhikode,Kharif,High,Hot,Upland,No,Sandy,Tapioca
Kollam,Summer,High,Moderate,Hill,Yes,Sandy,Pepper
Wayanad,Rabi,Low,Cool,Hill,Yes,Clay,Pepper
Thiruvananthapuram,Rabi,Medium,Moderate,Upland,Yes,Laterite,Banana
Kollam,Kharif,High,Moderate,Hill,Yes,Clay,Pepper
Thiruvananthapuram,Summer,High,Moderate,Coastal,No,Sandy,Cashew
Thrissur,Kharif,High,Cool,Hill,Yes,Clay,Cardamom
Wayanad,Summer,High,Cool,Upland,No,Clay,Tapioca
Thrissur,Summer,Low,Moderate,Hill,No,Laterite,Pepper
Pathanamthitta,Kharif,Low,Moderate,Hill,No,Laterite,Pepper
Kollam,Rabi,High,Cool,Coastal,No,Sandy,Arecanut
Thrissur,Summer,Medium,Cool,Upland,No,Sandy,Rubber
Alappuzha,Kharif,High,Hot,Coastal,No,Loam,Coconut
Alappuzha,Kharif,Low,Cool,Upland,Yes,Loam,Ginger
Kollam,Summer,Low,Hot,Lowland,No,Loam,Banana
Thiruvananthapuram,Summer,Low,Moderate,Lowland,Yes,Sandy,Banana
Thiruvananthapuram,Rabi,Medium,Cool,Coastal,Yes,Laterite,Arecanut
Kasaragod,Rabi,High,Hot,Coastal,Yes,Clay,Coconut
Thiruvananthapuram,Summer,High,Cool,Lowland,Yes,Sandy,Rice
Kasaragod,Kharif,High,Moderate,Hill,Yes,Clay,Pepper
Thiruvananthapuram,Kharif,Low,Moderate,Lowland,No,Sandy,Banana
Pathanamthitta,Kharif,Medium,Hot,Coastal,No,Sandy,Arecanut
Thiruvananthapuram,Kharif,High,Hot,Coastal,Yes,Loam,Coconut
Ernakulam,Summer,Medium,Moderate,Upland,No,Laterite,Rubber
Idukki,Rabi,Medium,Cool,Coastal,Yes,Clay,Coconut
Idukki,Rabi,Low,Moderate,Upland,No,Loam,Tapioca
Kottayam,Rabi,Medium,Cool,Hill,No,Laterite,Pepper
Ernakulam,Summer,High,Moderate,Lowland,No,Clay,Banana
Kozhikode,Rabi,Medium,Hot,Upland,Yes,Clay,Rubber
Kozhikode,Rabi,High,Hot,Hill,No,Loam,Pepper
Ernakulam,Rabi,Low,Moderate,Upland,No,Laterite,Tapioca
Wayanad,Kharif,Medium,Hot,Hill,Yes,Laterite,Pepper
Malappuram,Kharif,Medium,Cool,Hill,Yes,Laterite,Pepper
Kollam,Summer,Low,Moderate,Lowland,No,Laterite,Banana
Thiruvananthapuram,Summer,High,Moderate,Coastal,No,Loam,Coconut
Alappuzha,Rabi,High,Moderate,Upland,No,Loam,Ginger
Kannur,Kharif,Medium,Cool,Coastal,No,Clay,Coconut
Ernakulam,Rabi,High,Moderate,Lowland,Yes,Loam,Rice
Kottayam,Rabi,Medium,Cool,Coastal,No,Sandy,Arecanut
Kannur,Kharif,Low,Hot,Upland,Yes,Sandy,Tapioca
Alappuzha,Kharif,Low,Cool,Upland,No,Sandy,Tapioca
Kozhikode,Rabi,Low,Cool,Hill,No,Loam,Pepper
Kottayam,Summer,Low,Moderate,Coastal,Yes,Sandy,Cashew
Kottayam,Rabi,Low,Moderate,Coastal,No,Loam,Coconut
Kannur,Summer,Low,Cool,Lowland,No,Sandy,Banana
Kottayam,Rabi,Low,Hot,Upland,Yes,Laterite,Tapioca
Kozhikode,Rabi,Low,Hot,Hill,No,Loam,Pepper
Wayanad,Summer,Medium,Cool,Hill,No,Loam,Pepper
Idukki,Kharif,Medium,Moderate,Upland,No,Loam,Banana
Idukki,Kharif,Low,Hot,Coastal,Yes,Sandy,Arecanut
Pathanamthitta,Rabi,Medium,Cool,Coastal,Yes,Sandy,Arecanut
Palakkad,Kharif,High,Hot,Hill,No,Clay,Pepper
Thiruvananthapuram,Summer,Low,Hot,Coastal,No,Clay,Coconut
Thrissur,Summer,High,Hot,Lowland,No,Laterite,Banana
Kannur,Summer,High,Moderate,Upland,Yes,Sandy,Tapioca
Kasaragod,Summer,High,Cool,Hill,No,Sandy,Coffee
Ernakulam,Kharif,Low,Cool,Coastal,Yes,Laterite,Arecanut
Malappuram,Rabi,High,Cool,Upland,No,Laterite,Tapioca
Thiruvananthapuram,Rabi,High,Moderate,Upland,Yes,Sandy,Ginger
Kasaragod,Summer,Medium,Hot,Lowland,No,Laterite,Banana
Thiruvananthapuram,Kharif,High,Moderate,Hill,Yes,Laterite,Pepper
Palakkad,Rabi,High,Cool,Hill,Yes,Laterite,Tea
Palakkad,Summer,Low,Moderate,Upland,Yes,Clay,Tapioca
Idukki,Kharif,Medium,Moderate,Lowland,No,Clay,Banana
Kannur,Summer,Low,Cool,Lowland,No,Clay,Banana
Ernakulam,Rabi,Medium,Moderate,Lowland,No,Clay,Banana
Palakkad,Kharif,Medium,Cool,Coastal,No,Laterite,Cashew
Thiruvananthapuram,Summer,Low,Cool,Lowland,No,Loam,Banana
Kannur,Rabi,Medium,Moderate,Coastal,No,Loam,Coconut
Idukki,Rabi,Medium,Cool,Upland,Yes,Sandy,Banana
Kottayam,Rabi,Medium,Moderate,Hill,Yes,Clay,Pepper
Thiruvananthapuram,Summer,Medium,Moderate,Hill,Yes,Sandy,Pepper
Idukki,Rabi,Low,Moderate,Upland,No,Laterite,Tapioca
Malappuram,Summer,Medium,Hot,Upland,No,Loam,Banana
Idukki,Summer,Medium,Cool,Hill,Yes,Loam,Pepper
Ernakulam,Rabi,Low,Hot,Upland,Yes,Sandy,Tapioca
Ernakulam,Kharif,Medium,Moderate,Lowland,No,Clay,Banana
Malappuram,Kharif,Low,Cool,Upland,No,Loam,Tapioca
Ernakulam,Rabi,Low,Cool,Upland,Yes,Laterite,Ginger
Pathanamthitta,Kharif,High,Cool,Coastal,No,Laterite,Cashew
Kasaragod,Kharif,High,Cool,Lowland,Yes,Laterite,Rice
Kozhikode,Rabi,High,Moderate,Upland,Yes,Laterite,Tapioca
Wayanad,Rabi,High,Moderate,Lowland,No,Loam,Banana
Kannur,Summer,High,Moderate,Upland,No,Laterite,Ginger
Kannur,Kharif,Low,Hot,Upland,No,Clay,Tapioca
Kollam,Kharif,Medium,Hot,Hill,No,Clay,Pepper
Malappuram,Summer,Medium,Hot,Coastal,Yes,Sandy,Arecanut
Ernakulam,Kharif,Low,Cool,Coastal,Yes,Sandy,Arecanut
Kottayam,Summer,Medium,Hot,Coastal,Yes,Clay,Coconut
Kollam,Rabi,Medium,Hot,Coastal,Yes,Laterite,Arecanut
Kannur,Rabi,High,Moderate,Lowland,No,Clay,Banana
Thrissur,Kharif,High,Hot,Lowland,No,Clay,Banana
Wayanad,Kharif,High,Hot,Upland,Yes,Sandy,Tapioca
Idukki,Rabi,Medium,Moderate,Hill,No,Clay,Pepper
Wayanad,Summer,High,Moderate,Coastal,No,Sandy,Cashew
Ernakulam,Kharif,Low,Hot,Lowland,Yes,Sandy,Banana
Pathanamthitta,Summer,Low,Hot,Coastal,Yes,Loam,Coconut
Wayanad,Kharif,High,Moderate,Hill,Yes,Clay,Pepper
Pathanamthitta,Rabi,Low,Moderate,Lowland,No,Loam,Banana
Alappuzha,Summer,Low,Moderate,Coastal,No,Loam,Coconut
Kannur,Rabi,High,Cool,Lowland,No,Clay,Banana
Kottayam,Summer,Low,Cool,Coastal,Yes,Clay,Coconut
Thrissur,Summer,Medium,Cool,Hill,No,Loam,Pepper
Kasaragod,Summer,Medium,Cool,Coastal,Yes,Clay,Coconut
Malappuram,Summer,Medium,Hot,Hill,Yes,Sandy,Pepper
Pathanamthitta,Rabi,Medium,Moderate,Upland,Yes,Loam,Banana
Kollam,Summer,High,Moderate,Coastal,No,Laterite,Cashew
Malappuram,Kharif,Low,Moderate,Lowland,No,Laterite,Banana
Thiruvananthapuram,Kharif,Medium,Hot,Upland,No,Laterite,Banana
Kannur,Kharif,High,Moderate,Coastal,Yes,Sandy,Cashew
Palakkad,Kharif,High,Moderate,Coastal,Yes,Loam,Coconut
Kannur,Summer,Medium,Moderate,Coastal,No,Loam,Coconut
Kottayam,Rabi,Low,Moderate,Hill,Yes,Sandy,Pepper
Idukki,Kharif,Medium,Cool,Hill,No,Loam,Pepper
Ernakulam,Rabi,Low,Hot,Coastal,No,Loam,Coconut
Wayanad,Kharif,High,Moderate,Hill,Yes,Sandy,Pepper
Pathanamthitta,Rabi,Low,Hot,Hill,No,Sandy,Pepper
Thiruvananthapuram,Rabi,High,Moderate,Coastal,Yes,Loam,Coconut
Pathanamthitta,Rabi,Medium,Cool,Lowland,No,Sandy,Banana
Kozhikode,Summer,High,Cool,Upland,Yes,Loam,Ginger
Palakkad,Kharif,High,Cool,Lowland,Yes,Laterite,Rice
Thiruvananthapuram,Kharif,Low,Cool,Hill,No,Loam,Pepper
Idukki,Rabi,High,Moderate,Lowland,No,Sandy,Banana
Thrissur,Summer,Low,Moderate,Coastal,No,Loam,Coconut
Pathanamthitta,Kharif,Low,Hot,Coastal,No,Laterite,Cashew
Pathanamthitta,Kharif,High,Hot,Coastal,No,Loam,Coconut
Thiruvananthapuram,Summer,High,Cool,Hill,No,Laterite,Tea
Kannur,Summer,Low,Cool,Upland,No,Loam,Tapioca
Kollam,Kharif,Medium,Moderate,Lowland,No,Sandy,Banana
Thrissur,Summer,Low,Cool,Hill,No,Loam,Pepper
Thiruvananthapuram,Rabi,Medium,Hot,Hill,Yes,Clay,Pepper
Kannur,Kharif,Medium,Moderate,Coastal,No,Loam,Coconut
Pathanamthitta,Kharif,Low,Hot,Upland,Yes,Clay,Ginger
Pathanamthitta,Summer,High,Hot,Upland,No,Loam,Ginger
Ernakulam,Summer,Medium,Cool,Lowland,Yes,Clay,Banana
Kottayam,Kharif,High,Hot,Lowland,Yes,Loam,Rice
Pathanamthitta,Summer,High,Moderate,Coastal,Yes,Loam,Coconut
Malappuram,Summer,High,Hot,Coastal,No,Clay,Coconut
Pathanamthitta,Kharif,High,Cool,Lowland,Yes,Clay,Rice
Thiruvananthapuram,Summer,High,Cool,Lowland,No,Sandy,Banana
Palakkad,Summer,High,Hot,Coastal,Yes,Sandy,Arecanut
Kottayam,Rabi,High,Cool,Upland,Yes,Laterite,Ginger
Kollam,Summer,Medium,Cool,Upland,Yes,Sandy,Banana
Alappuzha,Rabi,Medium,Cool,Hill,Yes,Laterite,Pepper
Kasaragod,Rabi,High,Moderate,Hill,Yes,Sandy,Pepper
Idukki,Rabi,Low,Moderate,Hill,Yes,Clay,Pepper
Pathanamthitta,Kharif,Medium,Hot,Coastal,Yes,Loam,Coconut
Wayanad,Kharif,Medium,Moderate,Lowland,Yes,Sandy,Banana
Kasaragod,Summer,Low,Hot,Coastal,No,Laterite,Cashew
Wayanad,Summer,High,Moderate,Coastal,Yes,Loam,Coconut
Thrissur,Kharif,Low,Cool,Lowland,Yes,Sandy,Banana
Kozhikode,Kharif,Medium,Cool,Lowland,No,Laterite,Banana
Thiruvananthapuram,Rabi,Low,Hot,Coastal,No,Sandy,Cashew
Alappuzha,Kharif,Medium,Moderate,Upland,Yes,Clay,Banana
Ernakulam,Rabi,Medium,Hot,Upland,Yes,Loam,Banana
Idukki,Kharif,Low,Moderate,Hill,Yes,Loam,Pepper
Palakkad,Summer,Low,Hot,Hill,No,Loam,Pepper
Palakkad,Summer,Medium,Hot,Hill,Yes,Sandy,Pepper
Wayanad,Rabi,Low,Hot,Coastal,No,Laterite,Arecanut
Kottayam,Kharif,Medium,Cool,Upland,No,Sandy,Banana
Thrissur,Rabi,High,Moderate,Upland,Yes,Laterite,Ginger
Malappuram,Summer,High,Moderate,Hill,No,Loam,Pepper
Kottayam,Summer,High,Cool,Coastal,No,Laterite,Cashew
Kannur,Rabi,Low,Cool,Upland,Yes,Laterite,Ginger
Alappuzha,Kharif,Medium,Hot,Coastal,No,Sandy,Arecanut
Pathanamthitta,Summer,High,Hot,Coastal,Yes,Sandy,Arecanut
Alappuzha,Rabi,Medium,Moderate,Upland,Yes,Loam,Rubber
Palakkad,Rabi,Medium,Cool,Coastal,Yes,Sandy,Cashew
Thrissur,Rabi,Low,Moderate,Lowland,No,Sandy,Banana
Malappuram,Rabi,Low,Cool,Coastal,No,Laterite,Arecanut
Alappuzha,Kharif,Medium,Moderate,Coastal,No,Laterite,Arecanut
Malappuram,Summer,Medium,Moderate,Coastal,Yes,Laterite,Cashew
Kottayam,Summer,Low,Hot,Coastal,Yes,Laterite,Cashew
Wayanad,Summer,High,Moderate,Hill,No,Loam,Pepper
Pathanamthitta,Rabi,Low,Moderate,Lowland,No,Clay,Banana
Wayanad,Summer,Low,Cool,Coastal,Yes,Sandy,Arecanut
Kannur,Rabi,Medium,Hot,Upland,Yes,Loam,Banana
Idukki,Kharif,High,Moderate,Hill,Yes,Sandy,Pepper
Idukki,Rabi,Low,Moderate,Lowland,Yes,Loam,Banana
Thiruvananthapuram,Rabi,High,Cool,Upland,Yes,Loam,Tapioca
Kollam,Summer,Medium,Hot,Coastal,Yes,Clay,Coconut
Palakkad,Rabi,Medium,Hot,Hill,No,Clay,Pepper
Kasaragod,Kharif,High,Moderate,Hill,Yes,Laterite,Pepper
Kannur,Kharif,High,Moderate,Lowland,Yes,Sandy,Rice
Kollam,Rabi,High,Cool,Lowland,No,Loam,Banana
Thiruvananthapuram,Rabi,High,Hot,Upland,Yes,Sandy,Ginger
Kottayam,Summer,High,Cool,Lowland,No,Loam,Banana
Alappuzha,Kharif,Medium,Hot,Coastal,Yes,Loam,Coconut
Kozhikode,Kharif,Low,Moderate,Lowland,Yes,Loam,Banana
Palakkad,Rabi,High,Cool,Coastal,No,Clay,Coconut
Kottayam,Kharif,High,Hot,Hill,Yes,Sandy,Pepper
Malappuram,Kharif,High,Hot,Lowland,No,Sandy,Banana
Malappuram,Summer,Medium,Hot,Hill,Yes,Laterite,Pepper
Kottayam,Rabi,Low,Cool,Upland,Yes,Clay,Tapioca
Kasaragod,Kharif,Medium,Moderate,Lowland,No,Sandy,Banana
Kottayam,Rabi,Low,Cool,Hill,No,Sandy,Pepper
Kasaragod,Rabi,Medium,Hot,Lowland,Yes,Loam,Banana
Kasaragod,Kharif,Low,Moderate,Lowland,Yes,Loam,Banana
Pathanamthitta,Kharif,High,Moderate,Coastal,No,Clay,Coconut
Kasaragod,Summer,Medium,Hot,Upland,Yes,Laterite,Banana
Wayanad,Summer,Low,Cool,Lowland,No,Loam,Banana
Kottayam,Summer,High,Hot,Hill,No,Loam,Pepper
Wayanad,Summer,Low,Cool,Upland,No,Laterite,Tapioca
Kottayam,Rabi,High,Cool,Lowland,No,Sandy,Banana
Ernakulam,Summer,High,Cool,Hill,No,Loam,Coffee
Idukki,Rabi,Low,Hot,Upland,No,Loam,Ginger
Malappuram,Rabi,Medium,Moderate,Upland,Yes,Sandy,Banana
Ernakulam,Rabi,Low,Hot,Upland,Yes,Loam,Tapioca
Ernakulam,Summer,High,Moderate,Lowland,Yes,Loam,Rice
Kasaragod,Summer,High,Hot,Hill,Yes,Laterite,Pepper
Malappuram,Kharif,Low,Hot,Hill,Yes,Clay,Pepper
Kollam,Rabi,Medium,Hot,Upland,Yes,Clay,Rubber
Idukki,Rabi,Low,Hot,Hill,No,Sandy,Pepper
Palakkad,Rabi,High,Cool,Lowland,No,Clay,Banana
Wayanad,Summer,Medium,Hot,Upland,No,Laterite,Banana
Malappuram,Summer,Low,Hot,Hill,Yes,Laterite,Pepper
Kannur,Rabi,Low,Cool,Lowland,No,Loam,Banana
Thrissur,Summer,High,Moderate,Hill,Yes,Loam,Pepper
Thrissur,Kharif,Medium,Cool,Coastal,No,Loam,Coconut
Ernakulam,Summer,High,Moderate,Coastal,No,Loam,Coconut
Thrissur,Summer,Low,Cool,Coastal,No,Clay,Coconut
Kottayam,Kharif,Medium,Hot,Coastal,Yes,Loam,Coconut
Palakkad,Summer,Medium,Moderate,Lowland,No,Sandy,Banana
Kollam,Kharif,Low,Cool,Coastal,Yes,Sandy,Arecanut
Thrissur,Rabi,High,Cool,Coastal,Yes,Sandy,Cashew
Thiruvananthapuram,Summer,Medium,Hot,Upland,Yes,Clay,Banana
Kannur,Kharif,Low,Moderate,Coastal,Yes,Loam,Coconut
Kasaragod,Rabi,Low,Hot,Hill,Yes,Clay,Pepper
Pathanamthitta,Summer,High,Cool,Coastal,Yes,Loam,Coconut
Kozhikode,Rabi,High,Hot,Lowland,Yes,Laterite,Rice
Kottayam,Rabi,High,Cool,Hill,No,Loam,Cardamom
Pathanamthitta,Rabi,High,Cool,Upland,Yes,Loam,Tapioca
Kottayam,Kharif,High,Moderate,Lowland,Yes,Sandy,Rice
Kozhikode,Rabi,High,Moderate,Upland,Yes,Laterite,Tapioca
Wayanad,Rabi,Low,Moderate,Lowland,Yes,Laterite,Banana
Idukki,Kharif,High,Hot,Upland,Yes,Sandy,Tapioca
Wayanad,Kharif,Low,Hot,Lowland,Yes,Loam,Banana
Alappuzha,Summer,High,Moderate,Lowland,No,Sandy,Banana
Malappuram,Summer,Low,Cool,Coastal,No,Laterite,Cashew
Alappuzha,Rabi,Low,Moderate,Lowland,Yes,Clay,Banana
Kannur,Rabi,Low,Moderate,Upland,Yes,Loam,Tapioca
Kannur,Summer,Medium,Cool,Upland,No,Sandy,Banana
Malappuram,Kharif,High,Moderate,Coastal,Yes,Loam,Coconut
Kannur,Kharif,Low,Cool,Lowland,Yes,Sandy,Banana
Alappuzha,Kharif,High,Cool,Hill,Yes,Laterite,Tea
Thrissur,Kharif,High,Moderate,Coastal,Yes,Loam,Coconut
Malappuram,Rabi,Medium,Hot,Hill,No,Laterite,Pepper
Idukki,Rabi,Medium,Hot,Upland,Yes,Sandy,Banana
Ernakulam,Kharif,Low,Moderate,Lowland,No,Loam,Banana
Malappuram,Rabi,Medium,Hot,Upland,Yes,Loam,Rubber
Palakkad,Rabi,High,Moderate,Upland,No,Sandy,Tapioca
Palakkad,Summer,High,Hot,Upland,Yes,Sandy,Tapioca
Kottayam,Summer,High,Hot,Upland,Yes,Sandy,Tapioca
Pathanamthitta,Summer,Medium,Cool,Hill,No,Laterite,Pepper
Pathanamthitta,Kharif,High,Moderate,Lowland,Yes,Laterite,Rice
Malappuram,Rabi,Low,Hot,Lowland,No,Laterite,Banana
Kozhikode,Rabi,Low,Moderate,Hill,No,Loam,Pepper
Pathanamthitta,Rabi,Low,Cool,Lowland,Yes,Clay,Banana
Pathanamthitta,Summer,Medium,Cool,Hill,No,Loam,Pepper
Malappuram,Summer,Medium,Cool,Coastal,No,Laterite,Cashew
Kottayam,Summer,High,Cool,Hill,Yes,Laterite,Tea
Idukki,Summer,Medium,Moderate,Lowland,No,Sandy,Banana
Malappuram,Rabi,High,Moderate,Coastal,No,Loam,Coconut
Kozhikode,Rabi,High,Moderate,Coastal,No,Loam,Coconut
Alappuzha,Summer,High,Hot,Hill,No,Loam,Pepper
Alappuzha,Rabi,Medium,Hot,Upland,Yes,Loam,Rubber
Kozhikode,Rabi,Medium,Moderate,Lowland,No,Clay,Banana
Idukki,Rabi,Medium,Moderate,Coastal,No,Clay,Coconut
Wayanad,Kharif,Low,Hot,Lowland,No,Loam,Banana
Alappuzha,Rabi,Medium,Hot,Lowland,Yes,Laterite,Banana
Alappuzha,Summer,High,Hot,Coastal,No,Sandy,Cashew
Kozhikode,Kharif,Medium,Moderate,Lowland,No,Loam,Banana
Thrissur,Rabi,Low,Hot,Lowland,No,Clay,Banana
Ernakulam,Rabi,Low,Hot,Coastal,No,Sandy,Arecanut
Kollam,Rabi,Medium,Cool,Hill,Yes,Loam,Pepper
Wayanad,Summer,Medium,Moderate,Hill,Yes,Clay,Pepper
Malappuram,Summer,Low,Hot,Lowland,Yes,Laterite,Banana
Kottayam,Rabi,High,Moderate,Upland,No,Clay,Ginger
Malappuram,Kharif,High,Cool,Lowland,No,Loam,Banana
Pathanamthitta,Summer,Low,Moderate,Lowland,No,Sandy,Banana
Kottayam,Rabi,Low,Cool,Upland,Yes,Loam,Tapioca
Alappuzha,Rabi,High,Hot,Hill,Yes,Clay,Pepper
Kottayam,Summer,Low,Cool,Upland,Yes,Sandy,Tapioca
Kottayam,Kharif,Low,Hot,Lowland,No,Clay,Banana
Kozhikode,Rabi,High,Moderate,Lowland,Yes,Clay,Rice
Ernakulam,Rabi,High,Hot,Upland,Yes,Loam,Ginger
Malappuram,Rabi,Medium,Cool,Coastal,Yes,Clay,Coconut
Ernakulam,Summer,High,Hot,Hill,No,Sandy,Pepper
Kollam,Rabi,Medium,Cool,Upland,No,Laterite,Banana
Wayanad,Summer,Medium,Cool,Hill,Yes,Loam,Pepper
Wayanad,Rabi,High,Hot,Coastal,Yes,Loam,Coconut
Palakkad,Kharif,Low,Hot,Lowland,Yes,Loam,Banana
Thrissur,Kharif,Medium,Cool,Hill,No,Sandy,Pepper
Thiruvananthapuram,Rabi,Low,Moderate,Upland,Yes,Clay,Tapioca
Malappuram,Summer,Medium,Hot,Coastal,Yes,Loam,Coconut
Idukki,Rabi,Low,Hot,Hill,No,Sandy,Pepper
Palakkad,Kharif,Medium,Cool,Upland,Yes,Laterite,Banana
Ernakulam,Rabi,Low,Hot,Lowland,Yes,Loam,Banana
Idukki,Kharif,Low,Hot,Lowland,Yes,Laterite,Banana
Palakkad,Kharif,Low,Moderate,Upland,No,Laterite,Tapioca
Thrissur,Summer,Low,Moderate,Lowland,Yes,Laterite,Banana
Thrissur,Kharif,High,Moderate,Hill,Yes,Sandy,Pepper
Kollam,Rabi,Low,Moderate,Coastal,Yes,Clay,Coconut
Thrissur,Rabi,Medium,Moderate,Upland,No,Sandy,Banana
Malappuram,Rabi,High,Moderate,Hill,Yes,Sandy,Pepper
Thiruvananthapuram,Rabi,High,Hot,Hill,Yes,Loam,Pepper
Kasaragod,Rabi,Low,Moderate,Hill,Yes,Laterite,Pepper
Idukki,Kharif,Low,Cool,Lowland,No,Clay,Banana
Malappuram,Kharif,High,Moderate,Hill,Yes,Loam,Pepper
Kozhikode,Rabi,Medium,Cool,Coastal,Yes,Laterite,Arecanut
Malappuram,Rabi,Low,Hot,Lowland,Yes,Sandy,Banana
Kasaragod,Summer,Low,Cool,Upland,No,Loam,Ginger
Thrissur,Rabi,Medium,Hot,Coastal,Yes,Clay,Coconut
Kasaragod,Summer,Low,Hot,Upland,No,Laterite,Tapioca
Kannur,Summer,Low,Cool,Coastal,Yes,Laterite,Arecanut
Pathanamthitta,Summer,Low,Cool,Lowland,Yes,Clay,Banana
Palakkad,Rabi,High,Hot,Hill,No,Clay,Pepper
Kannur,Rabi,High,Hot,Upland,No,Clay,Ginger
Malappuram,Kharif,Low,Hot,Coastal,Yes,Loam,Coconut
Idukki,Summer,Medium,Cool,Coastal,Yes,Laterite,Cashew
Pathanamthitta,Kharif,Medium,Cool,Lowland,No,Clay,Banana
Ernakulam,Kharif,Low,Cool,Lowland,Yes,Loam,Banana
Malappuram,Kharif,High,Hot,Hill,No,Clay,Pepper
Kasaragod,Rabi,Low,Cool,Hill,No,Loam,Pepper
Kasaragod,Summer,Low,Moderate,Hill,No,Loam,Pepper
Wayanad,Kharif,Medium,Hot,Upland,Yes,Clay,Rubber
Pathanamthitta,Rabi,Low,Cool,Lowland,No,Loam,Banana
Kottayam,Rabi,Medium,Hot,Hill,No,Loam,Pepper
Palakkad,Kharif,High,Hot,Upland,Yes,Clay,Tapioca
Malappuram,Summer,Medium,Cool,Lowland,No,Loam,Banana
Idukki,Rabi,Low,Cool,Lowland,Yes,Loam,Banana
Alappuzha,Rabi,High,Cool,Upland,No,Sandy,Ginger
Kannur,Kharif,Low,Moderate,Hill,Yes,Sandy,Pepper
Kollam,Rabi,Low,Cool,Lowland,No,Laterite,Banana
Thiruvananthapuram,Rabi,High,Cool,Upland,Yes,Clay,Ginger
Kozhikode,Kharif,Medium,Hot,Lowland,No,Laterite,Banana
Pathanamthitta,Kharif,Low,Moderate,Lowland,Yes,Loam,Banana
Thiruvananthapuram,Summer,Medium,Hot,Lowland,Yes,Loam,Banana
Kasaragod,Summer,Low,Hot,Lowland,No,Sandy,Banana
Kottayam,Summer,High,Moderate,Upland,Yes,Clay,Ginger
Alappuzha,Summer,High,Hot,Coastal,Yes,Loam,Coconut
Malappuram,Summer,High,Moderate,Upland,Yes,Clay,Ginger
Kollam,Summer,High,Hot,Upland,Yes,Sandy,Ginger
Idukki,Kharif,Medium,Hot,Hill,No,Sandy,Pepper
Kannur,Summer,Medium,Hot,Coastal,No,Sandy,Cashew
Pathanamthitta,Rabi,Medium,Cool,Coastal,Yes,Laterite,Arecanut
Kannur,Summer,High,Cool,Hill,Yes,Sandy,Cardamom
Thiruvananthapuram,Rabi,Medium,Moderate,Lowland,Yes,Clay,Banana
Thrissur,Summer,Medium,Cool,Hill,Yes,Loam,Pepper
Thiruvananthapuram,Rabi,Medium,Cool,Upland,Yes,Clay,Banana
Kottayam,Kharif,High,Cool,Hill,Yes,Clay,Tea
Kollam,Kharif,Medium,Cool,Hill,Yes,Loam,Pepper
Wayanad,Rabi,Medium,Hot,Upland,No,Laterite,Rubber
Ernakulam,Rabi,Low,Moderate,Lowland,No,Clay,Banana
Idukki,Kharif,Medium,Moderate,Upland,Yes,Loam,Rubber
Alappuzha,Summer,Medium,Moderate,Coastal,No,Sandy,Cashew
Thiruvananthapuram,Summer,Low,Moderate,Coastal,No,Clay,Coconut
Kannur,Kharif,Medium,Moderate,Upland,No,Laterite,Banana
Pathanamthitta,Rabi,Medium,Hot,Lowland,Yes,Loam,Banana
Kozhikode,Summer,High,Moderate,Hill,Yes,Clay,Pepper
Thiruvananthapuram,Summer,High,Moderate,Hill,No,Loam,Pepper
Thiruvananthapuram,Kharif,High,Hot,Lowland,Yes,Sandy,Rice
Kollam,Summer,Low,Moderate,Coastal,No,Sandy,Cashew
Thiruvananthapuram,Summer,Low,Cool,Coastal,Yes,Laterite,Arecanut
Ernakulam,Summer,Low,Cool,Lowland,Yes,Clay,Banana
Kasaragod,Summer,Medium,Cool,Upland,No,Clay,Banana
Malappuram,Summer,High,Moderate,Upland,Yes,Laterite,Ginger
Thrissur,Summer,Low,Cool,Coastal,No,Laterite,Arecanut
Kasaragod,Rabi,Medium,Hot,Upland,Yes,Loam,Rubber
Kannur,Summer,Medium,Cool,Upland,Yes,Sandy,Banana
Malappuram,Kharif,High,Cool,Lowland,No,Loam,Banana
Pathanamthitta,Kharif,High,Moderate,Lowland,No,Clay,Banana
Pathanamthitta,Summer,High,Moderate,Hill,No,Clay,Pepper
Ernakulam,Kharif,Medium,Hot,Hill,Yes,Sandy,Pepper
Kozhikode,Summer,Medium,Hot,Coastal,No,Clay,Coconut
Idukki,Rabi,Medium,Cool,Coastal,No,Clay,Coconut
Kannur,Summer,Medium,Hot,Hill,Yes,Clay,Pepper
Pathanamthitta,Summer,Low,Cool,Hill,No,Loam,Pepper
Palakkad,Rabi,Medium,Hot,Lowland,Yes,Loam,Banana
Malappuram,Kharif,High,Hot,Coastal,No,Loam,Coconut
Thrissur,Summer,Low,Moderate,Hill,Yes,Sandy,Pepper
Idukki,Rabi,Low,Moderate,Hill,No,Laterite,Pepper
Wayanad,Rabi,Medium,Moderate,Hill,Yes,Sandy,Pepper
Kollam,Kharif,Low,Hot,Hill,No,Clay,Pepper
Thrissur,Kharif,Low,Moderate,Coastal,No,Laterite,Cashew
Kottayam,Rabi,High,Hot,Lowland,Yes,Loam,Rice
Malappuram,Kharif,Low,Moderate,Lowland,No,Loam,Banana
Ernakulam,Kharif,High,Cool,Hill,No,Loam,Cardamom
Ernakulam,Kharif,Low,Cool,Hill,No,Sandy,Pepper
Pathanamthitta,Rabi,High,Cool,Lowland,No,Loam,Banana
Kollam,Rabi,Low,Hot,Coastal,No,Sandy,Arecanut
Kasaragod,Summer,High,Moderate,Coastal,No,Clay,Coconut
Kannur,Rabi,Low,Cool,Upland,No,Clay,Tapioca
Alappuzha,Rabi,Medium,Hot,Lowland,Yes,Laterite,Banana
Kottayam,Summer,Low,Moderate,Coastal,Yes,Loam,Coconut
Kannur,Rabi,High,Moderate,Hill,Yes,Laterite,Pepper
Palakkad,Summer,High,Cool,Hill,Yes,Sandy,Coffee
Alappuzha,Rabi,High,Moderate,Hill,Yes,Laterite,Pepper
Idukki,Rabi,Medium,Cool,Upland,Yes,Loam,Rubber
Kasaragod,Summer,Medium,Cool,Lowland,No,Sandy,Banana
Alappuzha,Kharif,High,Moderate,Coastal,No,Loam,Coconut
Kozhikode,Summer,Low,Moderate,Coastal,No,Clay,Coconut
Wayanad,Summer,High,Hot,Lowland,Yes,Laterite,Rice
Ernakulam,Kharif,Medium,Hot,Hill,Yes,Loam,Pepper
Idukki,Summer,Medium,Hot,Lowland,No,Laterite,Banana
Thiruvananthapuram,Rabi,Low,Hot,Upland,Yes,Loam,Tapioca
Palakkad,Kharif,Low,Moderate,Lowland,No,Loam,Banana
Kozhikode,Summer,High,Moderate,Hill,No,Laterite,Pepper
Kozhikode,Kharif,Medium,Hot,Hill,Yes,Loam,Pepper
Idukki,Kharif,Medium,Cool,Upland,No,Loam,Banana
Ernakulam,Rabi,Low,Hot,Coastal,Yes,Clay,Coconut
Thrissur,Summer,High,Moderate,Coastal,No,Clay,Coconut
Pathanamthitta,Rabi,High,Moderate,Lowland,No,Laterite,Banana
Kasaragod,Kharif,Medium,Cool,Lowland,No,Loam,Banana
Ernakulam,Rabi,High,Cool,Upland,No,Loam,Ginger
Pathanamthitta,Summer,Medium,Hot,Hill,Yes,Loam,Pepper
Wayanad,Rabi,Low,Hot,Upland,Yes,Clay,Ginger
Idukki,Kharif,High,Cool,Lowland,No,Loam,Banana
Palakkad,Kharif,Medium,Hot,Upland,Yes,Sandy,Rubber
Alappuzha,Summer,Medium,Cool,Coastal,No,Clay,Coconut
Thiruvananthapuram,Kharif,Medium,Cool,Upland,No,Clay,Rubber
Kannur,Rabi,Medium,Moderate,Hill,Yes,Loam,Pepper
Idukki,Kharif,Low,Moderate,Hill,Yes,Loam,Pepper
Kollam,Rabi,Medium,Cool,Hill,Yes,Loam,Pepper
Thiruvananthapuram,Rabi,Medium,Cool,Hill,No,Clay,Pepper
Malappuram,Summer,High,Hot,Hill,No,Sandy,Pepper
Thrissur,Kharif,Low,Hot,Lowland,No,Laterite,Banana
Wayanad,Summer,High,Moderate,Hill,Yes,Sandy,Pepper
Palakkad,Kharif,Medium,Moderate,Lowland,Yes,Laterite,Banana
Ernakulam,Rabi,High,Hot,Upland,No,Sandy,Ginger
Palakkad,Rabi,High,Hot,Lowland,Yes,Laterite,Rice
Kasaragod,Summer,Low,Cool,Upland,No,Clay,Ginger
Kottayam,Rabi,High,Moderate,Coastal,Yes,Clay,Coconut
Wayanad,Kharif,High,Moderate,Upland,No,Clay,Tapioca
Kannur,Rabi,High,Hot,Lowland,No,Clay,Banana
Alappuzha,Rabi,Low,Moderate,Coastal,Yes,Sandy,Arecanut
Wayanad,Kharif,Low,Hot,Hill,No,Sandy,Pepper
Kollam,Kharif,Medium,Cool,Lowland,No,Sandy,Banana
Thrissur,Rabi,High,Cool,Upland,Yes,Clay,Ginger
Malappuram,Rabi,Medium,Cool,Lowland,No,Clay,Banana
Kasaragod,Summer,Low,Cool,Hill,Yes,Loam,Pepper
Thiruvananthapuram,Rabi,Low,Moderate,Coastal,Yes,Loam,Coconut
Idukki,Kharif,High,Hot,Lowland,Yes,Clay,Rice
Kasaragod,Summer,Low,Hot,Upland,No,Loam,Ginger
Malappuram,Summer,Medium,Cool,Upland,Yes,Clay,Banana
Wayanad,Rabi,Medium,Cool,Hill,No,Clay,Pepper
Palakkad,Rabi,Low,Moderate,Coastal,Yes,Clay,Coconut
Thiruvananthapuram,Summer,Medium,Hot,Hill,No,Clay,Pepper
Kozhikode,Rabi,High,Moderate,Upland,Yes,Sandy,Tapioca
Thiruvananthapuram,Summer,Medium,Cool,Upland,No,Laterite,Rubber
Kozhikode,Rabi,Low,Moderate,Lowland,No,Laterite,Banana
Idukki,Rabi,Low,Hot,Coastal,Yes,Laterite,Cashew
Kannur,Summer,High,Moderate,Hill,Yes,Clay,Pepper
Ernakulam,Summer,High,Hot,Hill,No,Clay,Pepper
Thrissur,Summer,Low,Cool,Upland,Yes,Clay,Tapioca
Palakkad,Kharif,Medium,Hot,Lowland,No,Clay,Banana
Kasaragod,Summer,Low,Moderate,Upland,No,Sandy,Tapioca
Thiruvananthapuram,Rabi,Medium,Moderate,Upland,No,Loam,Banana
Wayanad,Summer,Low,Cool,Upland,Yes,Laterite,Ginger
Malappuram,Kharif,Low,Hot,Hill,No,Loam,Pepper
Ernakulam,Summer,Medium,Hot,Coastal,No,Laterite,Cashew
Kasaragod,Rabi,Low,Hot,Upland,Yes,Clay,Tapioca
Kollam,Kharif,Low,Cool,Lowland,No,Sandy,Banana
Pathanamthitta,Kharif,High,Hot,Lowland,No,Sandy,Banana
Kollam,Kharif,High,Cool,Upland,No,Laterite,Tapioca
Kollam,Summer,Medium,Cool,Coastal,No,Loam,Coconut
Pathanamthitta,Summer,Low,Moderate,Hill,No,Laterite,Pepper
Wayanad,Rabi,Medium,Cool,Hill,No,Sandy,Pepper
Kottayam,Rabi,Medium,Cool,Lowland,No,Sandy,Banana
Kozhikode,Kharif,Medium,Moderate,Coastal,No,Clay,Coconut
Kasaragod,Rabi,Low,Cool,Lowland,Yes,Laterite,Banana
Kollam,Rabi,Medium,Cool,Upland,No,Sandy,Banana
Palakkad,Kharif,Low,Hot,Hill,No,Laterite,Pepper
Ernakulam,Rabi,Medium,Moderate,Coastal,No,Sandy,Arecanut
Alappuzha,Kharif,High,Hot,Hill,No,Laterite,Pepper
Kottayam,Kharif,Medium,Hot,Hill,No,Sandy,Pepper
Kollam,Rabi,Low,Moderate,Coastal,No,Clay,Coconut
Thrissur,Kharif,Medium,Moderate,Lowland,Yes,Loam,Banana
Thiruvananthapuram,Rabi,High,Moderate,Upland,Yes,Loam,Ginger
Ernakulam,Rabi,Medium,Cool,Hill,Yes,Sandy,Pepper
Alappuzha,Rabi,Medium,Moderate,Coastal,Yes,Loam,Coconut
Palakkad,Kharif,Medium,Hot,Lowland,Yes,Clay,Banana
Kollam,Summer,Low,Hot,Lowland,Yes,Laterite,Banana
Kannur,Summer,Medium,Hot,Coastal,No,Sandy,Cashew
Ernakulam,Summer,Low,Hot,Coastal,Yes,Sandy,Arecanut
Kollam,Summer,Low,Hot,Lowland,Yes,Clay,Banana
Thrissur,Summer,High,Moderate,Hill,Yes,Sandy,Pepper
Thrissur,Rabi,Low,Cool,Lowland,No,Laterite,Banana
Idukki,Summer,Low,Hot,Upland,Yes,Clay,Ginger
Kasaragod,Kharif,Medium,Cool,Hill,Yes,Loam,Pepper
Alappuzha,Kharif,Low,Hot,Upland,No,Clay,Tapioca
Kozhikode,Rabi,Low,Moderate,Lowland,No,Laterite,Banana
Pathanamthitta,Rabi,High,Cool,Coastal,No,Laterite,Arecanut
Thrissur,Rabi,High,Hot,Lowland,Yes,Loam,Rice
Thrissur,Kharif,Low,Hot,Lowland,No,Laterite,Banana
Idukki,Rabi,Medium,Cool,Hill,No,Laterite,Pepper
Palakkad,Kharif,Medium,Hot,Lowland,No,Laterite,Banana
Palakkad,Rabi,High,Cool,Lowland,Yes,Sandy,Rice
Wayanad,Rabi,Medium,Cool,Lowland,Yes,Sandy,Banana
Kasaragod,Rabi,Medium,Cool,Hill,No,Loam,Pepper
Kasaragod,Kharif,Low,Hot,Upland,No,Loam,Ginger
Kozhikode,Rabi,Low,Moderate,Upland,Yes,Laterite,Ginger
Kottayam,Rabi,Low,Cool,Lowland,No,Laterite,Banana
Kasaragod,Summer,Medium,Moderate,Lowland,No,Clay,Banana
Kollam,Kharif,Low,Moderate,Upland,No,Laterite,Ginger
Idukki,Summer,Medium,Moderate,Lowland,Yes,Sandy,Banana
Idukki,Kharif,Medium,Moderate,Lowland,No,Sandy,Banana
Kollam,Kharif,High,Cool,Upland,No,Sandy,Tapioca
Kannur,Kharif,Low,Cool,Coastal,Yes,Sandy,Arecanut
Ernakulam,Kharif,High,Hot,Upland,Yes,Loam,Ginger
Kozhikode,Summer,Medium,Cool,Coastal,Yes,Laterite,Cashew
Pathanamthitta,Summer,High,Moderate,Coastal,Yes,Loam,Coconut
Palakkad,Summer,High,Cool,Lowland,Yes,Clay,Rice
Idukki,Kharif,Medium,Moderate,Lowland,Yes,Clay,Banana
Malappuram,Summer,High,Moderate,Hill,Yes,Sandy,Pepper
Kannur,Summer,High,Hot,Coastal,Yes,Loam,Coconut
Kasaragod,Kharif,Low,Moderate,Lowland,Yes,Sandy,Banana
Kottayam,Rabi,High,Hot,Coastal,No,Laterite,Cashew
Kasaragod,Summer,Low,Cool,Coastal,Yes,Laterite,Cashew
Malappuram,Rabi,Low,Hot,Lowland,No,Loam,Banana
Ernakulam,Kharif,High,Hot,Upland,Yes,Sandy,Ginger
Wayanad,Rabi,Low,Moderate,Upland,Yes,Laterite,Tapioca
Kollam,Kharif,High,Hot,Upland,Yes,Laterite,Tapioca
Wayanad,Summer,Low,Moderate,Hill,Yes,Loam,Pepper
Thrissur,Kharif,Medium,Cool,Lowland,No,Loam,Banana
Malappuram,Summer,High,Cool,Upland,Yes,Laterite,Tapioca
Kannur,Summer,Medium,Cool,Coastal,Yes,Loam,Coconut
Idukki,Summer,Medium,Cool,Hill,No,Loam,Pepper
Kasaragod,Summer,High,Hot,Lowland,No,Sandy,Banana
Palakkad,Kharif,Low,Moderate,Coastal,Yes,Clay,Coconut
Thrissur,Summer,High,Hot,Upland,Yes,Sandy,Ginger
Idukki,Rabi,High,Hot,Coastal,No,Laterite,Arecanut
Kollam,Rabi,Medium,Cool,Hill,Yes,Laterite,Pepper
Kannur,Kharif,Medium,Hot,Hill,Yes,Laterite,Pepper
Malappuram,Rabi,High,Moderate,Coastal,Yes,Sandy,Arecanut
Thrissur,Rabi,Medium,Hot,Hill,Yes,Laterite,Pepper
Kollam,Kharif,High,Hot,Upland,Yes,Clay,Ginger
Kannur,Rabi,Low,Cool,Lowland,No,Laterite,Banana
Kannur,Rabi,Low,Cool,Upland,No,Sandy,Tapioca
Malappuram,Summer,Medium,Cool,Hill,No,Sandy,Pepper
Idukki,Kharif,Low,Hot,Hill,Yes,Laterite,Pepper
Kozhikode,Kharif,Low,Hot,Upland,Yes,Sandy,Tapioca
Palakkad,Summer,Medium,Moderate,Hill,Yes,Sandy,Pepper
Alappuzha,Kharif,High,Cool,Upland,No,Loam,Tapioca
Palakkad,Kharif,Medium,Cool,Upland,No,Clay,Banana
Kozhikode,Summer,High,Hot,Upland,Yes,Loam,Tapioca
Kozhikode,Summer,Low,Hot,Hill,No,Loam,Pepper
Malappuram,Summer,Low,Hot,Lowland,Yes,Sandy,Banana
Kollam,Rabi,High,Hot,Upland,No,Sandy,Ginger
Thrissur,Rabi,High,Hot,Hill,Yes,Clay,Pepper
Pathanamthitta,Kharif,High,Cool,Coastal,No,Clay,Coconut
Thrissur,Summer,Medium,Cool,Upland,No,Sandy,Banana
Palakkad,Summer,Medium,Moderate,Coastal,No,Laterite,Cashew
Ernakulam,Summer,Low,Hot,Lowland,Yes,Loam,Banana
Thiruvananthapuram,Summer,Medium,Cool,Hill,No,Loam,Pepper
Malappuram,Summer,Low,Cool,Upland,No,Loam,Ginger
Kasaragod,Rabi,Medium,Hot,Upland,No,Laterite,Rubber
Malappuram,Rabi,Medium,Hot,Lowland,No,Sandy,Banana
Ernakulam,Rabi,High,Moderate,Upland,No,Clay,Ginger
Palakkad,Kharif,Low,Cool,Upland,No,Sandy,Tapioca
Palakkad,Kharif,Medium,Cool,Lowland,Yes,Loam,Banana
Ernakulam,Rabi,Medium,Hot,Hill,No,Loam,Pepper
Idukki,Rabi,High,Cool,Lowland,Yes,Sandy,Rice
Kozhikode,Rabi,Medium,Hot,Hill,No,Laterite,Pepper
Ernakulam,Kharif,High,Moderate,Upland,Yes,Clay,Tapioca
Thrissur,Kharif,Low,Hot,Lowland,Yes,Loam,Banana
Kannur,Summer,Low,Hot,Upland,No,Clay,Tapioca
Thrissur,Kharif,High,Moderate,Hill,No,Laterite,Pepper
Wayanad,Rabi,Medium,Hot,Hill,No,Loam,Pepper
Palakkad,Kharif,High,Cool,Hill,Yes,Laterite,Cardamom
Thiruvananthapuram,Kharif,Low,Moderate,Upland,No,Sandy,Ginger
Idukki,Rabi,Medium,Hot,Hill,No,Clay,Pepper
Palakkad,Rabi,Medium,Cool,Hill,No,Clay,Pepper
Ernakulam,Summer,Low,Cool,Coastal,No,Clay,Coconut
Kottayam,Rabi,Medium,Hot,Hill,Yes,Loam,Pepper
Palakkad,Rabi,High,Cool,Lowland,No,Sandy,Banana
Kottayam,Kharif,Low,Hot,Hill,Yes,Laterite,Pepper
Kollam,Kharif,Medium,Hot,Hill,No,Laterite,Pepper
Thrissur,Summer,High,Cool,Hill,No,Loam,Coffee
Alappuzha,Kharif,Low,Cool,Upland,Yes,Sandy,Ginger
Malappuram,Rabi,Low,Cool,Upland,No,Laterite,Ginger
Kozhikode,Summer,High,Cool,Hill,Yes,Clay,Tea
Palakkad,Kharif,Medium,Hot,Hill,No,Sandy,Pepper
Kasaragod,Rabi,Medium,Hot,Lowland,No,Loam,Banana
Kollam,Rabi,Medium,Hot,Lowland,No,Laterite,Banana
Thrissur,Summer,Medium,Hot,Coastal,No,Loam,Coconut
Kozhikode,Kharif,Medium,Hot,Upland,Yes,Sandy,Rubber
Ernakulam,Kharif,High,Cool,Coastal,Yes,Clay,Coconut
Kasaragod,Rabi,Medium,Hot,Upland,No,Laterite,Banana
Kottayam,Summer,High,Hot,Lowland,Yes,Loam,Rice
Ernakulam,Kharif,Medium,Hot,Upland,No,Loam,Rubber
Kottayam,Kharif,Medium,Cool,Upland,Yes,Sandy,Banana
Idukki,Kharif,High,Moderate,Upland,Yes,Clay,Ginger
Thrissur,Rabi,Low,Cool,Upland,No,Sandy,Ginger
Ernakulam,Kharif,High,Moderate,Hill,No,Laterite,Pepper
Malappuram,Summer,Medium,Hot,Hill,Yes,Sandy,Pepper
Kozhikode,Rabi,High,Hot,Hill,No,Laterite,Pepper
Kasaragod,Summer,High,Hot,Upland,Yes,Laterite,Tapioca
Palakkad,Rabi,Low,Cool,Coastal,No,Loam,Coconut
Pathanamthitta,Rabi,Low,Cool,Hill,Yes,Loam,Pepper
Thrissur,Kharif,Medium,Hot,Lowland,No,Loam,Banana
Alappuzha,Rabi,Low,Cool,Upland,No,Loam,Tapioca
Malappuram,Kharif,Low,Moderate,Coastal,Yes,Loam,Coconut
Palakkad,Kharif,Medium,Moderate,Upland,Yes,Sandy,Banana
Kasaragod,Summer,Medium,Hot,Hill,Yes,Sandy,Pepper
Ernakulam,Rabi,High,Hot,Upland,Yes,Sandy,Tapioca
Kannur,Summer,High,Moderate,Upland,No,Laterite,Tapioca
Ernakulam,Rabi,High,Cool,Lowland,No,Clay,Banana
Idukki,Summer,Medium,Cool,Hill,No,Clay,Pepper
Alappuzha,Rabi,Medium,Hot,Hill,Yes,Laterite,Pepper
Thrissur,Kharif,Medium,Cool,Coastal,No,Clay,Coconut
Alappuzha,Rabi,High,Moderate,Upland,Yes,Sandy,Tapioca
Idukki,Kharif,Medium,Cool,Lowland,Yes,Clay,Banana
Kozhikode,Summer,Medium,Hot,Lowland,No,Clay,Banana
Ernakulam,Rabi,Low,Hot,Upland,No,Loam,Ginger
Wayanad,Rabi,Low,Moderate,Lowland,No,Clay,Banana
Malappuram,Kharif,Low,Cool,Upland,No,Sandy,Ginger
Pathanamthitta,Kharif,Low,Hot,Hill,Yes,Laterite,Pepper
Idukki,Rabi,High,Hot,Hill,No,Loam,Pepper
Thrissur,Rabi,Low,Cool,Coastal,Yes,Sandy,Cashew
Ernakulam,Rabi,High,Moderate,Hill,No,Laterite,Pepper
Pathanamthitta,Kharif,Medium,Moderate,Hill,No,Laterite,Pepper
Kottayam,Kharif,Medium,Cool,Coastal,Yes,Loam,Coconut
Ernakulam,Summer,High,Hot,Lowland,No,Loam,Banana
Malappuram,Rabi,Low,Cool,Lowland,No,Clay,Banana
Palakkad,Summer,Low,Hot,Upland,Yes,Clay,Tapioca
Kasaragod,Kharif,Medium,Moderate,Lowland,Yes,Sandy,Banana
Kollam,Rabi,Medium,Cool,Upland,Yes,Clay,Rubber
Thiruvananthapuram,Rabi,High,Cool,Hill,No,Sandy,Coffee
Kollam,Kharif,Low,Hot,Hill,Yes,Sandy,Pepper
Kollam,Summer,Low,Hot,Lowland,Yes,Laterite,Banana
Kasaragod,Kharif,Medium,Cool,Upland,No,Sandy,Rubber
Idukki,Rabi,High,Cool,Upland,Yes,Laterite,Tapioca
Thiruvananthapuram,Rabi,Low,Hot,Upland,No,Loam,Tapioca
Kozhikode,Summer,Medium,Moderate,Upland,No,Clay,Banana
Kasaragod,Rabi,High,Cool,Hill,No,Laterite,Cardamom
Kannur,Rabi,Medium,Moderate,Hill,Yes,Laterite,Pepper
Malappuram,Summer,Medium,Hot,Upland,Yes,Sandy,Banana
Kasaragod,Rabi,Medium,Moderate,Upland,No,Laterite,Banana
Idukki,Kharif,High,Cool,Upland,Yes,Laterite,Ginger
Kasaragod,Summer,Low,Hot,Hill,Yes,Sandy,Pepper
Palakkad,Rabi,Low,Moderate,Coastal,Yes,Loam,Coconut
Thiruvananthapuram,Kharif,Low,Hot,Coastal,No,Loam,Coconut
Kottayam,Kharif,High,Cool,Lowland,Yes,Clay,Rice
Idukki,Kharif,High,Hot,Hill,Yes,Laterite,Pepper
Kannur,Summer,Low,Moderate,Hill,Yes,Clay,Pepper
Kollam,Rabi,Medium,Cool,Upland,Yes,Sandy,Banana
Kozhikode,Rabi,Low,Cool,Hill,No,Laterite,Pepper
Kollam,Kharif,Medium,Cool,Lowland,No,Clay,Banana
Kannur,Rabi,Low,Moderate,Lowland,Yes,Sandy,Banana
Palakkad,Rabi,Medium,Moderate,Upland,Yes,Loam,Rubber
Kozhikode,Rabi,Medium,Hot,Upland,Yes,Loam,Banana
Kasaragod,Summer,High,Hot,Lowland,No,Sandy,Banana
Kozhikode,Kharif,High,Moderate,Coastal,No,Laterite,Cashew
Kottayam,Summer,Low,Cool,Upland,No,Sandy,Tapioca
Kozhikode,Summer,High,Moderate,Lowland,No,Clay,Banana
Kasaragod,Rabi,Medium,Hot,Hill,No,Clay,Pepper
Wayanad,Summer,Low,Hot,Upland,Yes,Sandy,Tapioca
Wayanad,Summer,High,Moderate,Hill,Yes,Sandy,Pepper
Kottayam,Summer,Medium,Cool,Coastal,Yes,Loam,Coconut
Palakkad,Rabi,Medium,Cool,Coastal,Yes,Laterite,Cashew
Kottayam,Rabi,Medium,Hot,Hill,Yes,Loam,Pepper
Wayanad,Rabi,Low,Moderate,Upland,Yes,Loam,Tapioca
Kollam,Rabi,Medium,Hot,Lowland,No,Loam,Banana
Kasaragod,Summer,Medium,Moderate,Lowland,No,Laterite,Banana
Thiruvananthapuram,Rabi,Low,Cool,Lowland,Yes,Sandy,Banana
Malappuram,Summer,Medium,Hot,Lowland,No,Loam,Banana
Idukki,Rabi,High,Cool,Coastal,No,Loam,Coconut
Wayanad,Summer,High,Hot,Coastal,Yes,Loam,Coconut
Kozhikode,Rabi,Low,Hot,Coastal,No,Clay,Coconut
Malappuram,Kharif,High,Moderate,Coastal,No,Sandy,Cashew
Kozhikode,Kharif,Low,Moderate,Upland,No,Clay,Tapioca
Kottayam,Kharif,Low,Cool,Lowland,No,Laterite,Banana
Thrissur,Summer,Medium,Hot,Lowland,Yes,Laterite,Banana
Kannur,Rabi,High,Hot,Coastal,Yes,Sandy,Cashew
Kottayam,Summer,Medium,Moderate,Hill,No,Sandy,Pepper
Palakkad,Rabi,Low,Moderate,Upland,No,Loam,Ginger
Thiruvananthapuram,Kharif,Low,Cool,Coastal,No,Clay,Coconut
Thrissur,Summer,High,Hot,Upland,No,Clay,Ginger
Kollam,Summer,Low,Cool,Upland,Yes,Laterite,Ginger
Pathanamthitta,Rabi,High,Hot,Lowland,No,Laterite,Banana
Kasaragod,Summer,Medium,Hot,Hill,Yes,Loam,Pepper
Alappuzha,Kharif,Low,Moderate,Upland,Yes,Sandy,Tapioca
Palakkad,Summer,Medium,Cool,Coastal,No,Laterite,Cashew
Wayanad,Rabi,High,Hot,Hill,Yes,Clay,Pepper
Thrissur,Summer,Medium,Cool,Hill,Yes,Loam,Pepper
Alappuzha,Summer,Low,Hot,Upland,Yes,Loam,Tapioca
Idukki,Rabi,Low,Cool,Upland,No,Sandy,Ginger
Idukki,Kharif,Low,Hot,Upland,No,Loam,Ginger
Ernakulam,Rabi,High,Cool,Hill,No,Loam,Cardamom
Malappuram,Summer,Low,Moderate,Coastal,No,Sandy,Arecanut
Malappuram,Summer,High,Hot,Upland,No,Loam,Ginger
Thiruvananthapuram,Rabi,Low,Moderate,Coastal,No,Laterite,Arecanut
Ernakulam,Rabi,High,Cool,Lowland,Yes,Loam,Rice
Ernakulam,Kharif,Medium,Moderate,Upland,No,Laterite,Rubber
Thrissur,Kharif,Low,Cool,Upland,Yes,Laterite,Tapioca
Ernakulam,Summer,Low,Moderate,Coastal,Yes,Sandy,Cashew
Wayanad,Summer,Low,Cool,Lowland,No,Laterite,Banana
Thiruvananthapuram,Rabi,Medium,Hot,Coastal,No,Sandy,Arecanut
Ernakulam,Summer,High,Hot,Lowland,Yes,Laterite,Rice
Pathanamthitta,Rabi,High,Moderate,Upland,Yes,Clay,Tapioca
Kannur,Kharif,Medium,Hot,Coastal,Yes,Loam,Coconut
Idukki,Kharif,High,Hot,Upland,No,Loam,Tapioca
Wayanad,Kharif,Medium,Hot,Upland,No,Laterite,Rubber
Kozhikode,Kharif,Low,Cool,Lowland,Yes,Laterite,Banana
Ernakulam,Kharif,Low,Hot,Upland,Yes,Sandy,Tapioca
Alappuzha,Summer,Low,Hot,Hill,No,Loam,Pepper
Pathanamthitta,Rabi,High,Moderate,Upland,Yes,Sandy,Ginger
Alappuzha,Rabi,Low,Moderate,Hill,Yes,Loam,Pepper
Alappuzha,Summer,High,Cool,Coastal,No,Loam,Coconut
Wayanad,Summer,Low,Moderate,Coastal,No,Sandy,Arecanut
Malappuram,Rabi,Medium,Hot,Hill,Yes,Sandy,Pepper
Thiruvananthapuram,Summer,Medium,Hot,Hill,Yes,Loam,Pepper
Alappuzha,Summer,Medium,Hot,Hill,Yes,Clay,Pepper
Kasaragod,Summer,Medium,Moderate,Upland,Yes,Sandy,Banana
Palakkad,Summer,Low,Moderate,Lowland,Yes,Sandy,Banana
Thiruvananthapuram,Rabi,Low,Moderate,Upland,Yes,Loam,Tapioca
Kasaragod,Kharif,Medium,Hot,Lowland,Yes,Clay,Banana
Alappuzha,Summer,High,Cool,Coastal,No,Loam,Coconut
Kozhikode,Kharif,Medium,Hot,Upland,Yes,Loam,Banana
Pathanamthitta,Kharif,High,Cool,Coastal,Yes,Clay,Coconut
Pathanamthitta,Kharif,Medium,Hot,Upland,No,Clay,Banana
Kottayam,Rabi,High,Moderate,Hill,No,Sandy,Pepper
Wayanad,Rabi,Medium,Moderate,Upland,Yes,Clay,Banana
Thiruvananthapuram,Rabi,Medium,Moderate,Upland,Yes,Loam,Banana
Pathanamthitta,Summer,Low,Moderate,Hill,No,Laterite,Pepper
Idukki,Rabi,High,Moderate,Hill,No,Clay,Pepper
Thiruvananthapuram,Summer,High,Cool,Upland,Yes,Loam,Tapioca
Thiruvananthapuram,Rabi,Medium,Cool,Lowland,Yes,Loam,Banana
Idukki,Summer,High,Moderate,Coastal,No,Loam,Coconut
Kasaragod,Rabi,High,Hot,Lowland,No,Sandy,Banana
Kollam,Summer,Low,Moderate,Upland,No,Laterite,Tapioca
Palakkad,Summer,High,Hot,Coastal,Yes,Laterite,Arecanut
Pathanamthitta,Summer,High,Hot,Hill,Yes,Loam,Pepper
Thiruvananthapuram,Rabi,Low,Cool,Upland,No,Sandy,Tapioca
Kannur,Kharif,Low,Cool,Upland,No,Laterite,Tapioca
Malappuram,Summer,High,Hot,Lowland,No,Laterite,Banana
Thrissur,Summer,High,Moderate,Hill,No,Sandy,Pepper
Pathanamthitta,Summer,High,Cool,Coastal,Yes,Laterite,Arecanut
Palakkad,Summer,Low,Moderate,Lowland,No,Laterite,Banana
Kasaragod,Summer,Medium,Moderate,Coastal,No,Sandy,Arecanut
Thiruvananthapuram,Rabi,Low,Cool,Upland,No,Loam,Ginger
Thrissur,Rabi,Low,Hot,Lowland,Yes,Loam,Banana
Pathanamthitta,Rabi,Low,Moderate,Coastal,No,Clay,Coconut
Ernakulam,Summer,High,Cool,Coastal,Yes,Laterite,Arecanut
Kottayam,Kharif,Low,Hot,Lowland,Yes,Sandy,Banana
Kannur,Rabi,Medium,Moderate,Hill,No,Clay,Pepper
Ernakulam,Summer,High,Hot,Hill,Yes,Sandy,Pepper
Kannur,Kharif,High,Hot,Hill,Yes,Clay,Pepper
Kannur,Kharif,Medium,Moderate,Hill,Yes,Clay,Pepper
Kozhikode,Summer,Low,Cool,Upland,Yes,Sandy,Ginger
Kozhikode,Summer,Medium,Cool,Lowland,Yes,Clay,Banana
Wayanad,Kharif,Medium,Hot,Upland,Yes,Loam,Banana
Kollam,Summer,High,Cool,Lowland,No,Loam,Banana
Pathanamthitta,Summer,High,Cool,Hill,No,Loam,Cardamom
Pathanamthitta,Summer,High,Hot,Upland,Yes,Sandy,Tapioca
Malappuram,Rabi,High,Hot,Hill,Yes,Laterite,Pepper
Kasaragod,Kharif,Low,Cool,Upland,No,Sandy,Ginger
Kannur,Summer,Low,Cool,Upland,Yes,Sandy,Tapioca
Kozhikode,Rabi,Low,Moderate,Hill,Yes,Laterite,Pepper
Kannur,Summer,High,Moderate,Lowland,No,Clay,Banana
Thiruvananthapuram,Summer,High,Cool,Lowland,No,Laterite,Banana
Kasaragod,Summer,Medium,Hot,Hill,No,Sandy,Pepper
Kozhikode,Summer,Medium,Moderate,Hill,No,Laterite,Pepper
Kollam,Kharif,Medium,Moderate,Hill,Yes,Laterite,Pepper
Kottayam,Kharif,Medium,Moderate,Coastal,No,Loam,Coconut
Kannur,Rabi,High,Cool,Lowland,Yes,Clay,Rice
Malappuram,Kharif,High,Cool,Upland,No,Clay,Ginger
Thiruvananthapuram,Kharif,High,Hot,Coastal,No,Loam,Coconut
Kottayam,Summer,Low,Hot,Lowland,Yes,Clay,Banana
Thiruvananthapuram,Kharif,Medium,Hot,Lowland,No,Clay,Banana
Kozhikode,Summer,High,Cool,Upland,Yes,Loam,Ginger
Thiruvananthapuram,Kharif,Low,Hot,Upland,No,Laterite,Ginger
Idukki,Kharif,Medium,Moderate,Lowland,Yes,Clay,Banana
Malappuram,Kharif,High,Moderate,Coastal,Yes,Loam,Coconut
Kannur,Summer,Medium,Moderate,Lowland,Yes,Sandy,Banana
Thiruvananthapuram,Kharif,High,Cool,Coastal,Yes,Clay,Coconut
Wayanad,Rabi,Medium,Moderate,Lowland,No,Loam,Banana
Kollam,Summer,Medium,Moderate,Upland,Yes,Laterite,Banana
Kozhikode,Rabi,High,Cool,Lowland,Yes,Clay,Rice
Kottayam,Kharif,High,Hot,Hill,No,Laterite,Pepper
Ernakulam,Summer,Medium,Cool,Lowland,No,Sandy,Banana
Ernakulam,Rabi,High,Hot,Hill,No,Laterite,Pepper
Wayanad,Kharif,Medium,Cool,Lowland,Yes,Loam,Banana
Thrissur,Kharif,Medium,Cool,Upland,No,Sandy,Rubber
Idukki,Kharif,Medium,Cool,Lowland,Yes,Loam,Banana
Ernakulam,Kharif,Medium,Hot,Coastal,No,Clay,Coconut
Idukki,Rabi,High,Cool,Coastal,Yes,Laterite,Cashew
Wayanad,Summer,High,Cool,Coastal,Yes,Laterite,Arecanut
Wayanad,Rabi,Medium,Hot,Hill,Yes,Sandy,Pepper
Malappuram,Rabi,High,Moderate,Lowland,Yes,Sandy,Rice
Kannur,Kharif,Low,Moderate,Upland,No,Loam,Tapioca
Alappuzha,Kharif,Low,Cool,Coastal,Yes,Laterite,Cashew
Kozhikode,Kharif,High,Hot,Hill,No,Clay,Pepper
Thiruvananthapuram,Kharif,High,Cool,Hill,Yes,Clay,Cardamom
Kollam,Summer,Medium,Cool,Upland,Yes,Clay,Banana
Thrissur,Summer,High,Cool,Coastal,Yes,Loam,Coconut
Pathanamthitta,Summer,Low,Moderate,Coastal,Yes,Clay,Coconut
Wayanad,Summer,High,Cool,Hill,Yes,Laterite,Tea
Wayanad,Rabi,Medium,Hot,Hill,Yes,Clay,Pepper
Palakkad,Kharif,Medium,Cool,Hill,No,Sandy,Pepper
Ernakulam,Kharif,Medium,Moderate,Hill,Yes,Laterite,Pepper
Kasaragod,Rabi,Medium,Moderate,Coastal,Yes,Laterite,Cashew
Kozhikode,Summer,High,Cool,Hill,Yes,Clay,Tea
Idukki,Kharif,High,Hot,Hill,No,Sandy,Pepper
Kozhikode,Rabi,Low,Cool,Upland,No,Clay,Tapioca
Kottayam,Kharif,Low,Cool,Hill,Yes,Sandy,Pepper
Thiruvananthapuram,Rabi,Low,Moderate,Upland,No,Clay,Tapioca
Kottayam,Kharif,Medium,Moderate,Coastal,No,Loam,Coconut
Pathanamthitta,Kharif,High,Hot,Hill,No,Sandy,Pepper
Thiruvananthapuram,Rabi,High,Cool,Coastal,No,Sandy,Cashew
Thrissur,Summer,Medium,Cool,Coastal,Yes,Clay,Coconut
Alappuzha,Kharif,High,Cool,Upland,No,Loam,Ginger
Thiruvananthapuram,Rabi,High,Moderate,Lowland,No,Loam,Banana
Ernakulam,Kharif,High,Hot,Upland,No,Sandy,Tapioca
Kasaragod,Summer,Low,Cool,Coastal,No,Clay,Coconut
Alappuzha,Summer,Low,Hot,Coastal,Yes,Clay,Coconut
Kasaragod,Summer,High,Moderate,Lowland,No,Laterite,Banana
Kollam,Kharif,Low,Moderate,Coastal,Yes,Loam,Coconut
Thiruvananthapuram,Rabi,Low,Cool,Hill,Yes,Laterite,Pepper
Wayanad,Summer,High,Moderate,Lowland,No,Loam,Banana
Kasaragod,Rabi,High,Hot,Lowland,Yes,Loam,Rice
Wayanad,Summer,Medium,Moderate,Hill,No,Sandy,Pepper
Alappuzha,Summer,High,Hot,Hill,No,Loam,Pepper
Palakkad,Kharif,Medium,Moderate,Upland,No,Clay,Rubber
Kasaragod,Rabi,High,Cool,Hill,No,Sandy,Tea
Malappuram,Rabi,Low,Moderate,Coastal,Yes,Sandy,Arecanut
Palakkad,Kharif,Low,Hot,Coastal,Yes,Clay,Coconut
Malappuram,Summer,High,Moderate,Coastal,No,Sandy,Arecanut
Kollam,Summer,High,Hot,Lowland,Yes,Clay,Rice
Kottayam,Rabi,Low,Moderate,Coastal,No,Laterite,Cashew
Thrissur,Kharif,High,Hot,Lowland,Yes,Laterite,Rice
Kollam,Summer,Low,Cool,Hill,Yes,Loam,Pepper
Kottayam,Kharif,High,Cool,Coastal,Yes,Clay,Coconut
Thiruvananthapuram,Kharif,Low,Hot,Coastal,Yes,Loam,Coconut
Alappuzha,Summer,Medium,Moderate,Lowland,Yes,Sandy,Banana
Kannur,Summer,High,Cool,Upland,Yes,Loam,Ginger
Wayanad,Rabi,High,Hot,Lowland,Yes,Sandy,Rice
Kollam,Rabi,Low,Moderate,Upland,No,Sandy,Tapioca
Idukki,Summer,Low,Hot,Lowland,No,Clay,Banana
Kannur,Rabi,Low,Moderate,Lowland,No,Laterite,Banana
Alappuzha,Kharif,Low,Moderate,Lowland,No,Loam,Banana
Alappuzha,Kharif,Low,Hot,Upland,No,Sandy,Ginger
Pathanamthitta,Kharif,Low,Cool,Hill,Yes,Laterite,Pepper
Malappuram,Rabi,High,Cool,Upland,Yes,Laterite,Ginger
Palakkad,Summer,High,Hot,Upland,No,Laterite,Ginger
Kollam,Kharif,Low,Moderate,Hill,No,Sandy,Pepper
Wayanad,Kharif,High,Moderate,Upland,Yes,Laterite,Tapioca
Wayanad,Rabi,High,Moderate,Lowland,Yes,Laterite,Rice
Alappuzha,Kharif,Low,Hot,Coastal,No,Loam,Coconut
Kottayam,Rabi,Low,Cool,Upland,Yes,Clay,Ginger
Thrissur,Rabi,High,Cool,Upland,No,Clay,Tapioca
Kozhikode,Summer,High,Cool,Lowland,No,Clay,Banana
Malappuram,Kharif,High,Hot,Upland,Yes,Sandy,Ginger
Alappuzha,Rabi,Medium,Cool,Upland,No,Loam,Banana
Kollam,Summer,Medium,Moderate,Lowland,Yes,Clay,Banana
Thrissur,Kharif,Low,Hot,Upland,Yes,Laterite,Ginger
Alappuzha,Kharif,Low,Hot,Coastal,No,Sandy,Cashew
Alappuzha,Summer,Low,Cool,Coastal,No,Laterite,Cashew
Thrissur,Kharif,Medium,Moderate,Upland,Yes,Laterite,Rubber
Pathanamthitta,Rabi,High,Moderate,Upland,No,Loam,Ginger
Wayanad,Kharif,Low,Moderate,Upland,Yes,Clay,Tapioca
Kannur,Summer,Low,Moderate,Hill,Yes,Sandy,Pepper
Kannur,Kharif,Medium,Moderate,Lowland,Yes,Clay,Banana
Thrissur,Kharif,Medium,Cool,Hill,No,Loam,Pepper
Pathanamthitta,Kharif,Medium,Moderate,Coastal,No,Loam,Coconut
Kollam,Rabi,Medium,Moderate,Coastal,No,Sandy,Arecanut
Alappuzha,Kharif,Medium,Hot,Coastal,Yes,Loam,Coconut
Kannur,Rabi,Low,Cool,Upland,No,Laterite,Ginger
Palakkad,Kharif,High,Moderate,Upland,No,Sandy,Tapioca
Ernakulam,Summer,Low,Cool,Coastal,Yes,Loam,Coconut
Kollam,Rabi,Medium,Hot,Upland,Yes,Loam,Banana
Kasaragod,Kharif,Low,Hot,Coastal,No,Loam,Coconut
Malappuram,Rabi,Low,Hot,Coastal,No,Sandy,Cashew
Malappuram,Kharif,Medium,Hot,Lowland,No,Clay,Banana
Thrissur,Summer,Medium,Hot,Coastal,No,Clay,Coconut
Malappuram,Rabi,High,Cool,Hill,No,Loam,Coffee
Thiruvananthapuram,Summer,Medium,Cool,Hill,Yes,Loam,Pepper
Thrissur,Rabi,Medium,Moderate,Lowland,No,Laterite,Banana
Thiruvananthapuram,Rabi,Medium,Moderate,Coastal,No,Loam,Coconut
Alappuzha,Kharif,Low,Moderate,Hill,Yes,Sandy,Pepper
Wayanad,Summer,Low,Moderate,Upland,Yes,Sandy,Tapioca
Kollam,Summer,Medium,Hot,Lowland,No,Laterite,Banana
Thiruvananthapuram,Rabi,Low,Hot,Coastal,No,Clay,Coconut
Kasaragod,Summer,Medium,Moderate,Hill,Yes,Clay,Pepper
Kottayam,Kharif,Low,Hot,Hill,Yes,Clay,Pepper
Thiruvananthapuram,Rabi,High,Cool,Coastal,No,Sandy,Cashew
Thrissur,Summer,High,Cool,Hill,No,Laterite,Tea
Malappuram,Summer,High,Moderate,Coastal,Yes,Laterite,Cashew
Thrissur,Rabi,Medium,Hot,Upland,Yes,Clay,Banana
Idukki,Kharif,Low,Hot,Upland,No,Loam,Ginger
Ernakulam,Summer,High,Moderate,Hill,No,Loam,Pepper
Thrissur,Rabi,Low,Hot,Hill,Yes,Clay,Pepper
Kollam,Rabi,High,Cool,Lowland,Yes,Laterite,Rice
Pathanamthitta,Summer,High,Cool,Hill,Yes,Laterite,Tea
Kannur,Kharif,High,Cool,Hill,No,Clay,Tea
Kannur,Kharif,Low,Cool,Upland,No,Clay,Tapioca
Kollam,Kharif,Low,Hot,Upland,No,Sandy,Ginger
Idukki,Kharif,Medium,Hot,Coastal,No,Loam,Coconut
Kasaragod,Rabi,High,Moderate,Upland,Yes,Loam,Tapioca
Wayanad,Summer,High,Hot,Hill,No,Loam,Pepper
Wayanad,Rabi,Medium,Hot,Lowland,No,Laterite,Banana
Thiruvananthapuram,Kharif,Medium,Moderate,Coastal,Yes,Sandy,Cashew
Kasaragod,Rabi,High,Hot,Lowland,Yes,Sandy,Rice
Kannur,Summer,Low,Hot,Coastal,Yes,Clay,Coconut
Ernakulam,Kharif,Medium,Hot,Upland,No,Clay,Rubber
Kasaragod,Summer,Low,Moderate,Upland,No,Laterite,Ginger
Kasaragod,Summer,High,Hot,Coastal,Yes,Sandy,Cashew
Pathanamthitta,Summer,Low,Hot,Coastal,No,Sandy,Arecanut
Kasaragod,Kharif,Medium,Hot,Hill,No,Clay,Pepper
Malappuram,Summer,Low,Hot,Hill,Yes,Clay,Pepper
Wayanad,Summer,Medium,Moderate,Lowland,Yes,Clay,Banana
Kannur,Rabi,Medium,Hot,Hill,Yes,Loam,Pepper
Kottayam,Rabi,Medium,Hot,Hill,Yes,Clay,Pepper
Malappuram,Rabi,Medium,Moderate,Lowland,Yes,Laterite,Banana
Malappuram,Kharif,High,Hot,Upland,No,Laterite,Ginger
Idukki,Summer,Medium,Hot,Upland,No,Loam,Banana
Wayanad,Kharif,High,Moderate,Coastal,Yes,Clay,Coconut
Kollam,Summer,Low,Hot,Lowland,Yes,Sandy,Banana
Palakkad,Rabi,Medium,Cool,Lowland,No,Loam,Banana
Idukki,Summer,High,Cool,Lowland,No,Loam,Banana
Wayanad,Summer,High,Hot,Coastal,No,Loam,Coconut
Kollam,Rabi,Low,Moderate,Upland,Yes,Clay,Tapioca
Kannur,Kharif,High,Cool,Upland,Yes,Sandy,Ginger
Idukki,Kharif,Low,Cool,Hill,No,Clay,Pepper
Palakkad,Summer,High,Cool,Upland,No,Laterite,Tapioca
Thrissur,Rabi,Low,Cool,Lowland,No,Loam,Banana
Wayanad,Kharif,Medium,Cool,Hill,No,Clay,Pepper
Malappuram,Rabi,Medium,Cool,Upland,Yes,Sandy,Banana
Kasaragod,Kharif,High,Cool,Lowland,Yes,Clay,Rice
Kollam,Summer,Medium,Hot,Hill,No,Clay,Pepper
Kannur,Kharif,Low,Moderate,Hill,No,Laterite,Pepper
Alappuzha,Summer,High,Hot,Coastal,No,Sandy,Arecanut
Wayanad,Rabi,Low,Hot,Coastal,Yes,Sandy,Cashew
Thrissur,Rabi,Low,Moderate,Hill,No,Clay,Pepper
Ernakulam,Kharif,Low,Hot,Hill,No,Sandy,Pepper
Thrissur,Kharif,High,Moderate,Upland,No,Loam,Tapioca
Kannur,Summer,High,Moderate,Coastal,No,Sandy,Cashew
Ernakulam,Kharif,Low,Cool,Hill,No,Loam,Pepper
Malappuram,Summer,Low,Moderate,Coastal,No,Loam,Coconut
Kozhikode,Summer,High,Moderate,Upland,No,Loam,Tapioca
Kannur,Summer,Low,Cool,Lowland,Yes,Loam,Banana
Wayanad,Summer,High,Moderate,Coastal,No,Sandy,Cashew
Kasaragod,Summer,Low,Moderate,Coastal,Yes,Clay,Coconut
Kozhikode,Summer,Low,Hot,Coastal,No,Laterite,Arecanut
Idukki,Summer,High,Cool,Coastal,Yes,Laterite,Cashew
Kozhikode,Summer,Low,Hot,Coastal,Yes,Sandy,Cashew
Alappuzha,Kharif,High,Hot,Coastal,Yes,Loam,Coconut
Kannur,Rabi,Low,Moderate,Coastal,Yes,Sandy,Arecanut
Pathanamthitta,Rabi,High,Hot,Lowland,Yes,Loam,Rice
Ernakulam,Summer,Low,Cool,Upland,Yes,Laterite,Tapioca
Kollam,Kharif,High,Moderate,Lowland,No,Sandy,Banana
Kottayam,Summer,Low,Moderate,Coastal,Yes,Sandy,Arecanut
Thrissur,Summer,Medium,Hot,Hill,Yes,Loam,Pepper
Pathanamthitta,Kharif,Medium,Hot,Lowland,No,Loam,Banana
Idukki,Kharif,High,Moderate,Coastal,No,Loam,Coconut
Thrissur,Summer,Medium,Cool,Hill,No,Laterite,Pepper
Pathanamthitta,Summer,High,Hot,Coastal,No,Loam,Coconut
Ernakulam,Rabi,Medium,Cool,Lowland,Yes,Sandy,Banana
Pathanamthitta,Kharif,High,Hot,Upland,Yes,Sandy,Ginger
Idukki,Kharif,Medium,Moderate,Upland,Yes,Loam,Banana
Idukki,Summer,Low,Moderate,Coastal,No,Loam,Coconut
Kozhikode,Kharif,High,Hot,Coastal,No,Loam,Coconut
